کسرا,Kasra
محمدمهدی,Mohammadmahdi
مهرداد,Mehrdad
مهدیه,Mahdie
سینا,Sina
فرید,Farid
امیررضا,Amirreza
حسام,Hesam
نگار,Negar
سمیع,Sami
علی,Ali
زانا,Zana
آلان,Alan
آیدین,Aidin
ایمان,Iman
ترانه,Tarane
شایان,Shayan
میلاد,Milad
محمد,Mohammad
تینا,Tina
ثنا,Sana
رضوان,Rezvan
هانیه,Hanie
آیدا,Aida
کیمیا,Kimia
مهشید,Mahshid
پوریا,Pooria
مهدی,Mahdi
مهنار,Mahnar
پریسا,Parisa
بیتا,Bita
احمد,Ahmad
اشکان,Ashkan
امیرحسین,Amirhosein
حامد,Hamed
حسین,Hosein
ماهان,Mahan
امیرعلی,Amirali
شهریار,Shariar
طاها,Taha
زبیر,Zobeir
سهیل,Soheil
محمدرضا,Mohammadreza
امیر,Amir
رامتین,Ramtin
آرمین,Armin
آرمان,Arman
ایلیا,Ilia
صوفیا,Sufia
محمدعلی,Mohammadali
مریم,Mariam
مهدیار,Mahdiar
نیما,Nima
آلما,Alma
دانیال,Danial
صدرا,Sadra
غزاله,Ghazale
فریبا,Fariba
محمدامین,Mohammadamin
مهدخت,Mahdokht
اصلان,Aslan
امید,Omid
رضا,Reza
عرفان,Erfan
علیرضا,Alireza
متین,Matin
یاشار,Yashar
احسان,Ehsan
محمدجواد,Mohammadjavad
ایناز,Ainaz
بهینا,Behina
فرشید,Farshid
مانی,Mani
امین,Amin
فاطمه,Fateme
شهاب,Shahab
سارا,Sara
محدثه,Mohaddese
آنا,Ana
باوان,bavan
کوثر,Kosar
مهراد,Mehrad
اسما,Asma
زینب,Zeinab
ضحی,Zohha
فهیمه,Fahime
محسن,Mohsen
یونس,Yunes
محمدرئوف,Mohammadraoof
رایحه,Rayehe
سارینا,Sarina
مائده,Maede
نیلوفر,Niloofar
معصومه,Masoomeh
هادی,Hadi
سبحان,Sobhan
یحیی,Yahya
یگانه,Yegane
امیرسالار,Amirsalar
سجاد,Sajjad
بهراد,Behrad
داریوش,Dariush
یسنا,Yasna
سروش,Soroosh
غزل,Ghazal
کامیار,Kamiar
محمدحسین,Mohammadhosein
محمدصالح,Mohammadsaleh
فرزاد,Farzad
سعدی,Saadi
مجید,Majid