کریمی,Karimi
جهان‌دیده,Jahandide
قدمی,Ghadami
سلیمانی,Soleimani
شاهیوند,Shahivand
خوشناموند,Khoshnamvand
حسینی,Hoseini
عباسی,Abasi
داودی,Davoodi
آسریس,Asris
رمضانی,Ramezani
کرمی,Karami
فتحی,Fathi
غفاری,Ghaffari
نوابی,Navvabi
زلابی,Zolabi
نعیمی,Naeemee
پاداش,Padash
مرادی,Moradi
پاکی,Paki
خدری,Khedri
خدامرادی,Khodamoradi
بازانی قلعه,Bazani Ghale
چهاردولی,Chaharduli
مرادبیگی,Moradbeigi
جمشیدی,Jamshidi
مشعشهی,Moshashahi
نحوی,Nahvi
دهقان,Dehghan
صفایی,Safayi
یاراحمدی,Yarahmadi
بنی اسد,Baniasad
ویسی,Veysi
صنعتی‌فولادی,Sanati Fouladi
پیرنیا,Pirnia
صالحی,Salehi
امیری,Amiri
آلبوغبیش,Alboughabish
دوسری,Dosari
امانی,Amani
صالح‌نیا,Salehnia
کیوانپور,Keyonepour